{"var": 0.08984597204318795, "mean": 0.49688692836011145}